[{
  "leal_number": "#02",
  "leal_title": [
    "プロテイン",
    "って",
    "太るの？"
  ],
  "chara_type": "surprised",
  "chara_animation": "jump",
  "content": [
    {
      "title": "「プロテイン＝太る」ってホント？",
      "chara_type": "listen",
      "chara_animation": "none",
      "content": [
        "実はこれ、大きな**誤解**かも！",
        "そもそも「protein」って",
        "英語で**タンパク質**のこと！"
      ]
    },
    {
      "title": "体の“パーツ”を作る材料！",
      "chara_type": "understand",
      "chara_animation": "none",
      "content": [
        "タンパク質は筋肉だけじゃなく、",
        "肌・髪・骨・ホルモン・内臓など、",
        "ほとんど全部のパーツの**材料**！",
        "　",
        "7大栄養素のひとつで、",
        "車でいえば**ボディやタイヤ**にあたるよ！"
      ]
    },
    {
      "title": "太るのは…糖と脂！",
      "chara_type": "surprised",
      "chara_animation": "none",
      "content": [
        "太る原因は、**糖質や脂質**の摂りすぎ",
        "　",
        "タンパク質は**脂肪になりにくく**、",
        "むしろ**代謝アップの味方！**",
        "　",
        "ただし、甘いプロテインには糖質が多いものもあるから**注意！**"
      ]
    },
    {
      "title": "ムキムキ専用じゃない！",
      "chara_type": "listen",
      "chara_animation": "none",
      "content": [
        "ジムのイメージが強いけど、",
        "実は日常生活でも**不足しがち！**",
        "　",
        "日本人はあまり意識してないと、必要量の**1/3〜1/2**しか摂れてないとも言われてる…"
      ]
    },
    {
      "title": "不足すると…体がボロボロ",
      "chara_type": "surprised",
      "chara_animation": "none",
      "content": [
        "タンパク質が足りないと、",
        "・**肌トラブル**",
        "・**免疫力の低下**",
        "・**疲れやすさ**",
        "・**メンタル不調**まで…",
        "　",
        "まるで、**壊れた車**を",
        "修理できない状態！"
      ]
    },
    {
      "title": "まとめ",
      "chara_type": "understand",
      "chara_animation": "jump",
      "content": [
        "① プロテイン＝**タンパク質**！",
        "　太る原因じゃない！",
        "② 太るのは**糖質や脂質**の摂りすぎ",
        "③ タンパク質は**体の材料**、",
        "　毎日コツコツ補給が大切",
        "④ **甘いプロテイン**には注意",
        "　して、**上手に選ぼう！**"
      ]
    }
  ]
}]