[
  {
    "leal_number": "#03",
    "leal_title": [
      "図説！",
      "脂質って",
      "説明できる？"
    ],
    "chara_type": "listen",
    "chara_animation": "jump",
    "content": [
      {
        "title": "脂質って複雑？",
        "chara_type": "listen",
        "chara_animation": "none",
        "content": [
          "脂質って実は…",
          "　",
          "意外と複雑！",
          "　",
          "だから今回は、",
          "”**役割**”と”**構造**”について解説するね！"
        ]
      },
      {
        "title": "脂は大事な栄養素！",
        "chara_type": "understand",
        "chara_animation": "none",
        "content": [
          "「脂＝太る」",
          "「コレステロールが心配」",
          "　",
          "そんなイメージあるけど…",
          "　",
          "実は**3大栄養素のひとつ**！"
        ]
      },
      {
        "title": "脂の3つの役割！",
        "chara_type": "agree",
        "chara_animation": "jump",
        "content": [
          "① 大事な**エネルギー源**",
          "　→ 車で言えば“ガソリン”",
          "　",
          "② **細胞膜やホルモン**の材料",
          "　",
          "③ **体温を保つ断熱材**！"
        ]
      },
      {
        "title": "控えるより選ぶ！",
        "chara_type": "listen",
        "chara_animation": "none",
        "content": [
          "脳の**約50%**は脂質！",
          "　",
          "極端に減らすと…",
          "脳が縮んだり、血管が固くなって、**認知症**や**脳梗塞**のリスクも…"
        ]
      },
      {
        "title": "この脂はNG！",
        "chara_type": "surprised",
        "chara_animation": "none",
        "content": [
          "① **酸化した脂**(古い油や揚げ物)",
          "　→ 空気で酸化しやすく",
          "　→ **細胞にダメージ！**",
          "　",
          "② **トランス脂肪酸(人工脂)**",
          "→ 百害あって一利なし！",
          "→ **WHOも排除提言(2018)**",
          "→ **マーガリン・スナック菓**",
          "　 **子**に多く含まれる！"
        ]
      },
      {
        "title": "脂の構造 図解！",
        "chara_type": "agree",
        "chara_animation": "none",
        "content": [
          "脂質は大きく3つに分けられる！",
          {"image": "add_asset/lipid_composition.png"}
        ]
      },
      {
        "title": "① 中性脂肪",
        "chara_type": "listen",
        "chara_animation": "none",
        "content": [
          "**エネルギー源！**",
          "　",
          "だけど、とりすぎは肥満・動脈硬化の原因に！",
          "ポイントは”**脂肪酸**”のバランスが鍵！",
          "　",
          "知らないうちに偏ってるかも！"
        ]
      },
      {
        "title": "② レシチン",
        "chara_type": "understand",
        "chara_animation": "none",
        "content": [
          "**“生命のビタミン”**とも呼ばれる！",
          "　",
          "**卵子**や**細胞膜**の材料になり",
          "　",
          "他には細胞膜の構成、脂質の代謝、神経伝達、肝機能の保護など、**生命維持にとても大事**！",
          "→ 大豆・ナッツ・魚介に多く含まれる！",
          "　"
        ]
      },
      {
        "title": "③ コレステロール",
        "chara_type": "surprised",
        "chara_animation": "none",
        "content": [
          "**ホルモンの材料**になる重要な脂！",
          "　",
          "悪玉が増えすぎると危険！",
          "でも善玉は超重要！",
          "　",
          "**脂肪酸の種類**でバランスが変わる！"
        ]
      },
      {
        "title": "まとめ",
        "chara_type": "understand",
        "chara_animation": "jump",
        "content": [
          "① **脂質**は3大栄養素のひとつ",
          "② ガソリンのような**エネルギー源**",
          "③ **体温**・**ホルモン**・**細胞**に",
          "　関わる素材",
          "④脂質は「控える」×",
          "　「**選ぶ**」◯",
          "⑤ **酸化脂・トランス脂肪酸**",
          "　はNG！"
        ]
      }
    ]
  }
]