[
  {
    "leal_number": "#01",
    "leal_title": [
      "知らないと",
      "まずい！",
      "ミネラル不足",
      "の恐怖！"
    ],
    "chara_type": "surprised",
    "chara_animation": "jump",
    "content": [
      {
        "title": "心臓とめて！",
        "chara_type": "listen",
        "chara_animation": "jump",
        "content": [
          "って言われて、できるかな？",
          "　",
          "手足と違って心臓は意識して止めるなんて無理",
          "　",
          "逆に意識してないのに",
          "ずーっと動き続けてる",
          "　　　　その理由は…"
        ]
      },
      {
        "title": "秘密は“電気”！",
        "chara_type": "surprised",
        "chara_animation": "none",
        "content": [
          "僕たちの体にも**微弱な電気（生体電気）**があって、",
          "心臓はその電気信号と自律神経で24時間動き続けてる",
          "　",
          "緊急時に使うAEDも、",
          "電気ショックで心臓を再始動させる装置！"
        ]
      },
      {
        "title": "体内の電気は自家発電！？",
        "chara_type": "listen",
        "chara_animation": "none",
        "content": [
          "この電気は体内のイオン（ミネラル）が動くことで生まれてる**電気信号**",
          "　",
          "カリウム（K）やマグネシウム（Mg）などの**ミネラルは“電解質”**とも呼ばれて、",
          "電気を通す働きがあるんだ"
        ]
      },
      {
        "title": "日射病じゃなくて熱中症！",
        "chara_type": "listen",
        "chara_animation": "none",
        "content": [
          "昔は“日射病”って言われてたけど…",
          "実は",
          "”**ミネラル不足を含む脱水**”",
          "と",
          "”体温上昇が重なる”",
          "ことが原因！",
          "　",
          "それが今でいう“**熱中症**”"
        ]
      },
      {
        "title": "夏に倒れるのは？",
        "chara_type": "surprised",
        "chara_animation": "none",
        "content": [
          "汗でミネラルが失われると、体内の**電気信号が乱れてしまう**！",
          "　",
          "すると心臓や脳が正常に働かなくなって、",
          "体に不調が出ることも…"
        ]
      },
      {
        "title": "夏は“水だけ”じゃ危険！",
        "chara_type": "agree",
        "chara_animation": "jump",
        "content": [
          "水だけたくさん飲むと、",
          "**体内のミネラル濃度が薄まってしまう**！",
          "　",
          "それが、かえって“熱中症”や",
          "“低ナトリウム血症”を引き起こすことも！"
        ]
      },
      {
        "title": "まとめ",
        "chara_type": "understand",
        "chara_animation": "jump",
        "content": [
          "①心臓は“**微弱な電気**”で動いている",
          "②ミネラル（**電解質**）は",
          "　電気のカギ！",
          "③夏の**ミネラル不足を含む**",
          "　**脱水**は　すごく危険",
          "④水分だけでなく、",
          "　**塩分（ミネラル）チャー**",
          "　**ジ**も忘れずに！"
        ]
      }
    ]
  }
]